area_datetime,datetime,topic,string
2023-04-29 10:39:38_wuwei,2023-04-29 10:39:38,cy/thesis/wuwei,010406082a0000008ef879
2023-04-29 10:39:39_wuwei,2023-04-29 10:39:39,cy/thesis/wuwei,0204060832000000830d4e
2023-04-29 10:39:40_wuwei,2023-04-29 10:39:40,cy/thesis/wuwei,030406083a0000008ca11b
2023-04-29 10:39:41_wuwei,2023-04-29 10:39:41,cy/thesis/wuwei,0403020002f585
2023-04-29 10:49:42_wuwei,2023-04-29 10:49:42,cy/thesis/wuwei,01040608320000008ed87b
2023-04-29 10:49:43_wuwei,2023-04-29 10:49:43,cy/thesis/wuwei,020406083a00000083ec8f
2023-04-29 10:49:44_wuwei,2023-04-29 10:49:44,cy/thesis/wuwei,030406083c0000008768dc
2023-04-29 10:49:45_wuwei,2023-04-29 10:49:45,cy/thesis/wuwei,0403020002f585
2023-04-29 10:59:46_wuwei,2023-04-29 10:59:46,cy/thesis/wuwei,01040608370000008e147b
2023-04-29 10:59:47_wuwei,2023-04-29 10:59:47,cy/thesis/wuwei,020406083f00000083208f
2023-04-29 10:59:48_wuwei,2023-04-29 10:59:48,cy/thesis/wuwei,030406083f000000872cdc
2023-04-29 10:59:49_wuwei,2023-04-29 10:59:49,cy/thesis/wuwei,0403020002f585
2023-04-29 11:09:50_wuwei,2023-04-29 11:09:50,cy/thesis/wuwei,01040608410000008eddb0
2023-04-29 11:09:51_wuwei,2023-04-29 11:09:51,cy/thesis/wuwei,0204060847000000878146
2023-04-29 11:09:52_wuwei,2023-04-29 11:09:52,cy/thesis/wuwei,030406084400000087c8d6
2023-04-29 11:09:53_wuwei,2023-04-29 11:09:53,cy/thesis/wuwei,0403020002f585
2023-04-29 11:19:54_wuwei,2023-04-29 11:19:54,cy/thesis/wuwei,010406084c0000008ef071
2023-04-29 11:19:55_wuwei,2023-04-29 11:19:55,cy/thesis/wuwei,020406084e000000875d47
2023-04-29 11:19:56_wuwei,2023-04-29 11:19:56,cy/thesis/wuwei,030406084c0000008c68d0
2023-04-29 11:19:57_wuwei,2023-04-29 11:19:57,cy/thesis/wuwei,0403020002f585
2023-04-29 11:29:58_wuwei,2023-04-29 11:29:58,cy/thesis/wuwei,0104060859000000907dba
2023-04-29 11:29:59_wuwei,2023-04-29 11:29:59,cy/thesis/wuwei,0204060859000000872944
2023-04-29 11:30:00_wuwei,2023-04-29 11:30:00,cy/thesis/wuwei,03040608510000008c84d2
2023-04-29 11:30:01_wuwei,2023-04-29 11:30:01,cy/thesis/wuwei,0403020002f585
2023-04-29 11:40:02_wuwei,2023-04-29 11:40:02,cy/thesis/wuwei,010406086e00000090887e
2023-04-29 11:40:03_wuwei,2023-04-29 11:40:03,cy/thesis/wuwei,0204060866000000873d41
2023-04-29 11:40:04_wuwei,2023-04-29 11:40:04,cy/thesis/wuwei,030406085b0000008c1cd3
2023-04-29 11:40:05_wuwei,2023-04-29 11:40:05,cy/thesis/wuwei,0403020002f585
2023-04-29 11:50:06_wuwei,2023-04-29 11:50:06,cy/thesis/wuwei,0104060880000000906069
2023-04-29 11:50:07_wuwei,2023-04-29 11:50:07,cy/thesis/wuwei,020406087600000087fc82
2023-04-29 11:50:08_wuwei,2023-04-29 11:50:08,cy/thesis/wuwei,03040608660000008c7116
2023-04-29 11:50:09_wuwei,2023-04-29 11:50:09,cy/thesis/wuwei,0403020002f585
2023-04-29 12:00:10_wuwei,2023-04-29 12:00:10,cy/thesis/wuwei,010406088f000000903468
2023-04-29 12:00:11_wuwei,2023-04-29 12:00:11,cy/thesis/wuwei,02040608830000008ab152
2023-04-29 12:00:12_wuwei,2023-04-29 12:00:12,cy/thesis/wuwei,030406086e0000008c90d7
2023-04-29 12:00:13_wuwei,2023-04-29 12:00:13,cy/thesis/wuwei,0403020002f585
2023-04-29 12:10:14_wuwei,2023-04-29 12:10:14,cy/thesis/wuwei,010406089c00000090b1ab
2023-04-29 12:10:15_wuwei,2023-04-29 12:10:15,cy/thesis/wuwei,020406088d000000871956
2023-04-29 12:10:16_wuwei,2023-04-29 12:10:16,cy/thesis/wuwei,03040608760000008cb0d5
2023-04-29 12:10:17_wuwei,2023-04-29 12:10:17,cy/thesis/wuwei,0403020002f585
2023-04-29 12:20:18_wuwei,2023-04-29 12:20:18,cy/thesis/wuwei,01040608ac00000090f1af
2023-04-29 12:20:19_wuwei,2023-04-29 12:20:19,cy/thesis/wuwei,020406089a0000008aac90
2023-04-29 12:20:20_wuwei,2023-04-29 12:20:20,cy/thesis/wuwei,030406087b0000008c9d14
2023-04-29 12:20:21_wuwei,2023-04-29 12:20:21,cy/thesis/wuwei,0403020002f585
2023-04-29 12:30:22_wuwei,2023-04-29 12:30:22,cy/thesis/wuwei,01040608b400000090d1ad
2023-04-29 12:30:23_wuwei,2023-04-29 12:30:23,cy/thesis/wuwei,020406089f0000008a6090
2023-04-29 12:30:24_wuwei,2023-04-29 12:30:24,cy/thesis/wuwei,03040608800000008c78c0
2023-04-29 12:30:25_wuwei,2023-04-29 12:30:25,cy/thesis/wuwei,0403020002f585
2023-04-29 12:40:26_wuwei,2023-04-29 12:40:26,cy/thesis/wuwei,01040608b1000000941c6e
2023-04-29 12:40:27_wuwei,2023-04-29 12:40:27,cy/thesis/wuwei,02040608a20000008a0d55
2023-04-29 12:40:28_wuwei,2023-04-29 12:40:28,cy/thesis/wuwei,03040608830000008ebd01
2023-04-29 12:40:29_wuwei,2023-04-29 12:40:29,cy/thesis/wuwei,0403020002f585
2023-04-29 12:50:30_wuwei,2023-04-29 12:50:30,cy/thesis/wuwei,01040608b1000000901dad
2023-04-29 12:50:31_wuwei,2023-04-29 12:50:31,cy/thesis/wuwei,02040608a200000087cc90
2023-04-29 12:50:32_wuwei,2023-04-29 12:50:32,cy/thesis/wuwei,03040608800000008ef901
2023-04-29 12:50:33_wuwei,2023-04-29 12:50:33,cy/thesis/wuwei,0403020002f585
